id,year,authors,title,journal,doi,url,role
BS2001,2001,"S. M. Bhattacharjee; F. Seno","A measure of data collapse for scaling","Journal of Physics A",10.1088/0305-4470/34/33/302,https://arxiv.org/abs/cond-mat/0102515,"Foundational definition of P_b: q_residual=1, four-point polynomial interpolation, no extrapolation; used for the collapse objective"
KRAMER2024,2024,"C. Krämer; J. A. Koziol; A. Langheld; M. Hörmann; K. P. Schmidt","Quantum-critical properties of the one- and two-dimensional random transverse-field Ising model from large-scale quantum Monte Carlo simulations","SciPost Physics",10.21468/SciPostPhys.17.2.061,https://scipost.org/SciPostPhys.17.2.061,"Recent quenched-disorder example using sample replication, averaged Binder ratios, and multiple FSS protocols on equal footing; methodological context only"
MUNSTER2024,2024,"L. Münster; A. K. Hartmann; M. Weigel","In and beyond the Griffiths phase: A large-deviation study of the magnetic susceptibility of the two-dimensional bond-diluted Ising model","Physical Review E",10.1103/PhysRevE.110.054112,https://journals.aps.org/pre/abstract/10.1103/PhysRevE.110.054112,"Recent classical 2D diluted-Ising evidence that quenched disorder can generate broad susceptibility distributions; supports preserving sample-level uncertainty; no numerical transfer"
KRAMER2025,2025,"C. Krämer; M. Hörmann; K. P. Schmidt","Quantum Monte Carlo study of the bond- and site-diluted transverse-field Ising model","Physical Review B",10.1103/wsv6-t3rl,https://journals.aps.org/prb/abstract/10.1103/wsv6-t3rl,"Recent bond/site-diluted Ising example using Binder ratios and FSS; quantum Hamiltonian and exponents are not transferred"
HASENBUSCH2025,2025,"M. Hasenbusch","Eliminating leading and subleading corrections to scaling in the three-dimensional XY universality class","Physical Review B",10.1103/1d4g-483z,https://journals.aps.org/prb/abstract/10.1103/1d4g-483z,"Recent example emphasizing correction-to-scaling sensitivity and dimensionless Binder cumulants; no XY numerical transfer"
TOLDIN2022,2022,"F. Parisen Toldin","Finite-size scaling at fixed renormalization-group invariant","Physical Review E",10.1103/PhysRevE.105.034137,https://journals.aps.org/pre/abstract/10.1103/PhysRevE.105.034137,"Methodological basis for RG-invariant finite-size scaling and covariance-aware error analysis"
HARRIS1974,1974,"A. B. Harris","Effect of random defects on the critical behaviour of Ising models","Journal of Physics C: Solid State Physics",10.1088/0022-3719/7/9/009,https://doi.org/10.1088/0022-3719/7/9/009,"Foundational relevance criterion for quenched disorder; alpha=0 is a marginal case and does not by itself resolve the asymptotic diluted-2D-Ising behavior"
BALLESTEROS1997,1997,"H. G. Ballesteros; L. A. Fernandez; V. Martin-Mayor; A. Munoz Sudupe; G. Parisi; J. J. Ruiz-Lorenzo","Ising exponents in the two-dimensional site-diluted Ising model","Journal of Physics A: Mathematical and General",,https://arxiv.org/abs/cond-mat/9707179,"Direct 2D site-diluted Ising Monte Carlo context: apparent exponent deviations can be accounted for by logarithmic corrections without requiring a universality-class change"
HASENBUSCH2008,2008,"M. Hasenbusch; F. Parisen Toldin; A. Pelissetto; E. Vicari","Universal dependence on disorder of two-dimensional randomly diluted and random-bond +/-J Ising models","Physical Review E",10.1103/PhysRevE.78.011110,https://arxiv.org/abs/0804.2788,"Direct randomly site-diluted 2D Ising RG/FSS evidence for marginally irrelevant disorder and universal logarithmic corrections; motivates correction-aware fail-closed interpretation"
